{
  "hash": "2e0ead3b",
  "configHash": "0292b5cc",
  "lockfileHash": "02abf565",
  "browserHash": "95dcb03f",
  "optimized": {
    "@angular/common": {
      "src": "../../../../../../node_modules/@angular/common/fesm2022/common.mjs",
      "file": "@angular_common.js",
      "fileHash": "6b734901",
      "needsInterop": false
    },
    "@angular/common/http": {
      "src": "../../../../../../node_modules/@angular/common/fesm2022/http.mjs",
      "file": "@angular_common_http.js",
      "fileHash": "6006551a",
      "needsInterop": false
    },
    "@angular/core": {
      "src": "../../../../../../node_modules/@angular/core/fesm2022/core.mjs",
      "file": "@angular_core.js",
      "fileHash": "6917d265",
      "needsInterop": false
    },
    "@angular/fire/app": {
      "src": "../../../../../../node_modules/@angular/fire/fesm2022/angular-fire-app.mjs",
      "file": "@angular_fire_app.js",
      "fileHash": "6329b3e5",
      "needsInterop": false
    },
    "@angular/fire/auth": {
      "src": "../../../../../../node_modules/@angular/fire/fesm2022/angular-fire-auth.mjs",
      "file": "@angular_fire_auth.js",
      "fileHash": "901bb613",
      "needsInterop": false
    },
    "@angular/fire/firestore": {
      "src": "../../../../../../node_modules/@angular/fire/fesm2022/angular-fire-firestore.mjs",
      "file": "@angular_fire_firestore.js",
      "fileHash": "a559dce3",
      "needsInterop": false
    },
    "@angular/forms": {
      "src": "../../../../../../node_modules/@angular/forms/fesm2022/forms.mjs",
      "file": "@angular_forms.js",
      "fileHash": "a3d82aa2",
      "needsInterop": false
    },
    "@angular/platform-browser": {
      "src": "../../../../../../node_modules/@angular/platform-browser/fesm2022/platform-browser.mjs",
      "file": "@angular_platform-browser.js",
      "fileHash": "2d595861",
      "needsInterop": false
    },
    "@angular/platform-browser/animations/async": {
      "src": "../../../../../../node_modules/@angular/platform-browser/fesm2022/animations/async.mjs",
      "file": "@angular_platform-browser_animations_async.js",
      "fileHash": "2e730571",
      "needsInterop": false
    },
    "@angular/router": {
      "src": "../../../../../../node_modules/@angular/router/fesm2022/router.mjs",
      "file": "@angular_router.js",
      "fileHash": "8b3e6092",
      "needsInterop": false
    },
    "@primeng/themes": {
      "src": "../../../../../../node_modules/@primeng/themes/index.mjs",
      "file": "@primeng_themes.js",
      "fileHash": "cade91c7",
      "needsInterop": false
    },
    "@primeng/themes/material": {
      "src": "../../../../../../node_modules/@primeng/themes/material/index.mjs",
      "file": "@primeng_themes_material.js",
      "fileHash": "b5d221cf",
      "needsInterop": false
    },
    "firebase/auth": {
      "src": "../../../../../../node_modules/firebase/auth/dist/esm/index.esm.js",
      "file": "firebase_auth.js",
      "fileHash": "ab578806",
      "needsInterop": false
    },
    "primeng/api": {
      "src": "../../../../../../node_modules/primeng/fesm2022/primeng-api.mjs",
      "file": "primeng_api.js",
      "fileHash": "f48cadf1",
      "needsInterop": false
    },
    "primeng/button": {
      "src": "../../../../../../node_modules/primeng/fesm2022/primeng-button.mjs",
      "file": "primeng_button.js",
      "fileHash": "095ceb79",
      "needsInterop": false
    },
    "primeng/card": {
      "src": "../../../../../../node_modules/primeng/fesm2022/primeng-card.mjs",
      "file": "primeng_card.js",
      "fileHash": "43a7598c",
      "needsInterop": false
    },
    "primeng/config": {
      "src": "../../../../../../node_modules/primeng/fesm2022/primeng-config.mjs",
      "file": "primeng_config.js",
      "fileHash": "a81b99c0",
      "needsInterop": false
    },
    "primeng/datepicker": {
      "src": "../../../../../../node_modules/primeng/fesm2022/primeng-datepicker.mjs",
      "file": "primeng_datepicker.js",
      "fileHash": "76607c93",
      "needsInterop": false
    },
    "primeng/dialog": {
      "src": "../../../../../../node_modules/primeng/fesm2022/primeng-dialog.mjs",
      "file": "primeng_dialog.js",
      "fileHash": "c4fdcaa1",
      "needsInterop": false
    },
    "primeng/dropdown": {
      "src": "../../../../../../node_modules/primeng/fesm2022/primeng-dropdown.mjs",
      "file": "primeng_dropdown.js",
      "fileHash": "7864b65c",
      "needsInterop": false
    },
    "primeng/inputmask": {
      "src": "../../../../../../node_modules/primeng/fesm2022/primeng-inputmask.mjs",
      "file": "primeng_inputmask.js",
      "fileHash": "4f94eb32",
      "needsInterop": false
    },
    "primeng/inputnumber": {
      "src": "../../../../../../node_modules/primeng/fesm2022/primeng-inputnumber.mjs",
      "file": "primeng_inputnumber.js",
      "fileHash": "3b7338c4",
      "needsInterop": false
    },
    "primeng/inputswitch": {
      "src": "../../../../../../node_modules/primeng/fesm2022/primeng-inputswitch.mjs",
      "file": "primeng_inputswitch.js",
      "fileHash": "3199cedb",
      "needsInterop": false
    },
    "primeng/inputtext": {
      "src": "../../../../../../node_modules/primeng/fesm2022/primeng-inputtext.mjs",
      "file": "primeng_inputtext.js",
      "fileHash": "b0670fa0",
      "needsInterop": false
    },
    "primeng/inputtextarea": {
      "src": "../../../../../../node_modules/primeng/fesm2022/primeng-inputtextarea.mjs",
      "file": "primeng_inputtextarea.js",
      "fileHash": "fcb46699",
      "needsInterop": false
    },
    "primeng/menubar": {
      "src": "../../../../../../node_modules/primeng/fesm2022/primeng-menubar.mjs",
      "file": "primeng_menubar.js",
      "fileHash": "1f9136a6",
      "needsInterop": false
    },
    "primeng/multiselect": {
      "src": "../../../../../../node_modules/primeng/fesm2022/primeng-multiselect.mjs",
      "file": "primeng_multiselect.js",
      "fileHash": "2787d5e5",
      "needsInterop": false
    },
    "primeng/overlay": {
      "src": "../../../../../../node_modules/primeng/fesm2022/primeng-overlay.mjs",
      "file": "primeng_overlay.js",
      "fileHash": "a2b47d97",
      "needsInterop": false
    },
    "primeng/rating": {
      "src": "../../../../../../node_modules/primeng/fesm2022/primeng-rating.mjs",
      "file": "primeng_rating.js",
      "fileHash": "500413ae",
      "needsInterop": false
    },
    "primeng/scroller": {
      "src": "../../../../../../node_modules/primeng/fesm2022/primeng-scroller.mjs",
      "file": "primeng_scroller.js",
      "fileHash": "fa6c02c0",
      "needsInterop": false
    },
    "primeng/select": {
      "src": "../../../../../../node_modules/primeng/fesm2022/primeng-select.mjs",
      "file": "primeng_select.js",
      "fileHash": "3297e8cb",
      "needsInterop": false
    },
    "primeng/slider": {
      "src": "../../../../../../node_modules/primeng/fesm2022/primeng-slider.mjs",
      "file": "primeng_slider.js",
      "fileHash": "7f6ba163",
      "needsInterop": false
    },
    "primeng/table": {
      "src": "../../../../../../node_modules/primeng/fesm2022/primeng-table.mjs",
      "file": "primeng_table.js",
      "fileHash": "716ba22f",
      "needsInterop": false
    },
    "primeng/toggleswitch": {
      "src": "../../../../../../node_modules/primeng/fesm2022/primeng-toggleswitch.mjs",
      "file": "primeng_toggleswitch.js",
      "fileHash": "f1145687",
      "needsInterop": false
    },
    "primeng/tooltip": {
      "src": "../../../../../../node_modules/primeng/fesm2022/primeng-tooltip.mjs",
      "file": "primeng_tooltip.js",
      "fileHash": "8e261231",
      "needsInterop": false
    },
    "rxjs": {
      "src": "../../../../../../node_modules/rxjs/dist/esm5/index.js",
      "file": "rxjs.js",
      "fileHash": "4853d29e",
      "needsInterop": false
    },
    "primeng/toast": {
      "src": "../../../../../../node_modules/primeng/fesm2022/primeng-toast.mjs",
      "file": "primeng_toast.js",
      "fileHash": "0f3a2246",
      "needsInterop": false
    },
    "primeng/selectbutton": {
      "src": "../../../../../../node_modules/primeng/fesm2022/primeng-selectbutton.mjs",
      "file": "primeng_selectbutton.js",
      "fileHash": "0d8d852d",
      "needsInterop": false
    }
  },
  "chunks": {
    "browser-3QDS7T4Q": {
      "file": "browser-3QDS7T4Q.js"
    },
    "chunk-V3DSDLJB": {
      "file": "chunk-V3DSDLJB.js"
    },
    "chunk-TNZPJB25": {
      "file": "chunk-TNZPJB25.js"
    },
    "chunk-IQVMNMJJ": {
      "file": "chunk-IQVMNMJJ.js"
    },
    "chunk-NMDHE2DU": {
      "file": "chunk-NMDHE2DU.js"
    },
    "chunk-KAABGATX": {
      "file": "chunk-KAABGATX.js"
    },
    "chunk-4V4SEHTT": {
      "file": "chunk-4V4SEHTT.js"
    },
    "chunk-P7HWTOY5": {
      "file": "chunk-P7HWTOY5.js"
    },
    "chunk-XYQZNKAO": {
      "file": "chunk-XYQZNKAO.js"
    },
    "chunk-7BCGBRMU": {
      "file": "chunk-7BCGBRMU.js"
    },
    "chunk-EVVRZWTN": {
      "file": "chunk-EVVRZWTN.js"
    },
    "chunk-U2WQKVXX": {
      "file": "chunk-U2WQKVXX.js"
    },
    "chunk-GJKRVOND": {
      "file": "chunk-GJKRVOND.js"
    },
    "chunk-CO3QWGTY": {
      "file": "chunk-CO3QWGTY.js"
    },
    "chunk-MGZRXCOO": {
      "file": "chunk-MGZRXCOO.js"
    },
    "chunk-QW4NAZLR": {
      "file": "chunk-QW4NAZLR.js"
    },
    "chunk-A3Q2KEEO": {
      "file": "chunk-A3Q2KEEO.js"
    },
    "chunk-CQUZ5QGZ": {
      "file": "chunk-CQUZ5QGZ.js"
    },
    "chunk-BIDTQ4QM": {
      "file": "chunk-BIDTQ4QM.js"
    },
    "chunk-5G7WYC4N": {
      "file": "chunk-5G7WYC4N.js"
    },
    "chunk-WW7OVANH": {
      "file": "chunk-WW7OVANH.js"
    },
    "chunk-NBWG2TBJ": {
      "file": "chunk-NBWG2TBJ.js"
    },
    "chunk-AQILR4VV": {
      "file": "chunk-AQILR4VV.js"
    },
    "chunk-EXE27NPT": {
      "file": "chunk-EXE27NPT.js"
    },
    "chunk-TZIJKBMI": {
      "file": "chunk-TZIJKBMI.js"
    },
    "chunk-LN2UOXUD": {
      "file": "chunk-LN2UOXUD.js"
    },
    "chunk-YAPJLE7E": {
      "file": "chunk-YAPJLE7E.js"
    },
    "chunk-QTDJ4BEY": {
      "file": "chunk-QTDJ4BEY.js"
    },
    "chunk-S3Z5ER4R": {
      "file": "chunk-S3Z5ER4R.js"
    },
    "chunk-ECDHEKYA": {
      "file": "chunk-ECDHEKYA.js"
    },
    "chunk-BMXLJFV2": {
      "file": "chunk-BMXLJFV2.js"
    },
    "chunk-LMYMBLXL": {
      "file": "chunk-LMYMBLXL.js"
    },
    "chunk-QVHDQMZZ": {
      "file": "chunk-QVHDQMZZ.js"
    },
    "chunk-3JJ7FHXH": {
      "file": "chunk-3JJ7FHXH.js"
    },
    "chunk-CFEPUG4O": {
      "file": "chunk-CFEPUG4O.js"
    },
    "chunk-SLXJJNMQ": {
      "file": "chunk-SLXJJNMQ.js"
    },
    "chunk-ZJVU4USR": {
      "file": "chunk-ZJVU4USR.js"
    },
    "chunk-OPJDHPG3": {
      "file": "chunk-OPJDHPG3.js"
    },
    "chunk-IYEYSCYL": {
      "file": "chunk-IYEYSCYL.js"
    },
    "chunk-5K356HEJ": {
      "file": "chunk-5K356HEJ.js"
    }
  }
}